n,N,phylometric,statistic,p,epoch,mut_distn
30,4,colless-like index,15.223195592286459,0.0016355134406377874,0,default
30,4,mean pairwise distance,20.933168044077092,0.00010869471996695262,0,default
30,4,sum distance,56.42110192837464,3.415676098277213e-12,0,default
30,4,mean evolutionary distinctiveness,59.55774104683195,7.306790461882688e-13,0,default
